{"cameraMode":{"drawMode":0,"name":"Shaded","section":"Shading Mode"},"sceneLighting":true,"audioPlay":false,"sceneViewState":{"showFog":true,"showMaterialUpdate":false,"showSkybox":true,"showFlares":true,"showImageEffects":true,"showParticleSystems":true},"in2DMode":false,"pivot":{"x":-4.938713073730469,"y":4.686187744140625,"z":-7.9796600341796879},"rotation":{"x":-0.12497235834598541,"y":0.8667978048324585,"z":-0.27127864956855776,"w":-0.39931532740592959},"size":83.40391540527344,"orthographic":false}